sic_1,sic_2,sic_3,sic_4,sic_5,sic_6,global_sic,pl_1,pl_2,pl_3,pl_4,pq_1,pq_2,pq_3,pq_4,pi_1,pi_2,pi_3,pi_4,pi_5,wtp
41,29,32,74,55,43,56,15,21,37,44,38,61,39,40,40,40,31,27,29,30
65,63,54,15,41,76,57,21,17,18,32,44,44,42,79,43,29,42,29,26,32
28,41,39,61,49,0,56,39,38,33,17,41,34,36,64,49,49,63,43,46,48
30,21,24,63,37,11,25,27,27,31,42,42,34,36,24,22,41,37,37,23,45
33,56,41,32,25,57,53,57,56,62,58,16,36,21,37,32,32,61,62,39,48
47,90,45,63,25,24,79,55,28,47,30,41,28,39,45,35,50,58,52,42,38
39,16,34,77,37,44,54,51,39,34,40,42,44,43,39,45,49,49,45,45,35
37,24,19,48,20,31,37,30,28,36,48,31,48,26,53,25,49,45,35,28,55
56,3,39,49,61,44,42,50,50,45,48,64,54,56,66,44,53,51,56,60,41
72,41,44,33,25,51,32,17,27,23,52,37,46,52,68,30,47,40,22,16,12
28,3,20,68,29,22,33,21,0,15,45,18,11,33,21,21,19,24,8,15,24
52,57,51,65,38,48,72,51,49,63,52,36,54,46,75,18,52,55,43,50,30
57,16,31,46,64,51,52,45,76,48,45,45,46,55,37,46,47,61,55,39,40
58,60,64,4,22,47,45,26,44,37,34,45,27,44,49,28,31,54,38,22,28
42,41,40,43,40,60,25,45,36,35,44,44,37,30,37,25,47,53,40,43,37
50,48,48,43,39,20,44,55,70,53,46,50,60,48,48,58,60,65,47,47,57
32,35,52,69,39,65,44,44,59,53,44,32,38,48,68,34,48,52,30,35,50
57,62,67,39,32,72,69,50,48,29,53,34,37,40,46,26,47,52,40,41,51
66,45,74,54,37,66,58,49,47,40,56,35,37,32,30,33,61,70,62,56,41
52,20,19,61,58,31,50,NA,57,54,83,41,41,53,82,26,32,55,38,46,26
20,44,54,50,31,43,56,18,36,23,32,44,38,53,42,54,39,34,44,37,36
27,34,50,19,37,10,31,42,32,40,40,47,40,44,37,33,50,55,32,53,75
37,11,17,54,58,59,48,26,35,31,46,42,44,37,45,38,27,23,25,24,52
55,52,49,63,45,46,61,59,54,42,40,40,35,30,65,43,57,60,68,47,50
49,0,34,16,26,37,14,44,25,46,45,47,36,27,70,45,42,50,23,46,53
27,47,34,70,48,21,61,48,48,50,53,47,60,62,62,30,53,54,57,36,53
35,42,33,58,61,38,66,45,74,51,23,48,51,45,51,55,61,54,46,43,55
32,31,58,46,33,65,24,41,45,34,20,46,35,29,36,13,23,37,18,27,15
45,31,31,17,49,46,22,57,54,59,51,28,45,32,42,49,41,57,46,49,29
42,51,48,54,33,53,52,54,54,59,33,67,75,66,60,55,59,62,69,58,50
51,30,36,58,24,45,42,47,64,53,16,34,32,41,71,31,41,57,48,48,26
47,65,54,38,38,49,28,40,27,28,43,50,50,50,31,41,39,48,48,39,41
58,35,11,51,20,52,42,36,36,51,52,47,61,59,46,22,31,28,38,43,42
64,43,55,33,54,44,49,36,45,32,13,47,32,30,49,27,56,59,46,38,31
44,30,40,65,83,50,56,43,32,42,51,31,36,25,37,50,58,50,51,41,38
40,52,62,30,15,64,34,24,33,42,32,31,34,38,45,35,33,45,41,40,57
46,25,40,51,51,54,47,64,42,57,29,14,29,27,30,50,58,55,59,51,38
45,46,44,27,29,50,43,34,31,23,47,29,34,37,39,18,49,38,24,31,44
26,59,64,33,35,58,39,65,32,45,52,11,21,23,26,49,47,76,55,45,41
29,59,18,56,41,22,47,38,37,33,9,54,60,55,46,34,48,63,49,50,56
66,65,66,42,38,78,71,41,38,48,37,45,50,43,68,61,43,42,41,41,44
22,32,30,44,36,0,31,36,52,51,49,53,44,46,43,35,41,70,37,36,39
51,48,61,31,42,54,71,29,31,43,50,63,54,69,70,27,29,53,34,37,25
42,53,13,29,39,38,42,8,11,9,29,27,29,22,47,9,12,33,33,26,46
17,38,12,37,34,18,7,42,31,41,45,24,29,12,43,15,38,42,50,38,45
22,25,30,43,42,58,37,52,63,61,56,9,8,12,41,25,56,59,44,49,59
43,37,35,33,52,14,49,56,49,50,34,40,44,29,65,28,30,44,43,32,42
75,61,33,17,0,50,19,26,40,45,22,75,52,59,74,44,36,45,27,24,25
57,69,41,23,44,52,56,56,32,43,54,48,50,35,40,49,43,34,28,44,63
30,36,42,40,39,39,43,26,43,44,55,46,43,39,67,46,24,50,38,35,36
39,40,51,25,61,39,53,41,39,55,51,43,46,53,57,42,43,42,41,47,35
52,40,31,68,61,26,68,33,40,43,34,46,50,52,20,34,37,51,60,46,51
46,97,46,52,35,44,71,67,68,76,63,74,84,73,70,48,54,42,50,66,49
44,40,46,25,30,48,38,33,20,22,27,46,41,52,55,32,33,55,30,29,37
29,58,55,39,60,40,63,50,53,48,48,56,49,54,78,60,58,51,50,56,73
38,57,69,25,16,71,44,40,53,33,37,53,62,63,74,45,56,62,58,54,56
39,41,38,59,73,14,62,69,74,59,48,45,45,30,54,41,52,73,32,65,55
29,15,49,41,47,30,20,35,57,49,44,55,48,36,33,56,49,58,52,55,42
32,41,19,34,49,26,36,36,39,39,17,48,27,26,24,NA,38,34,58,28,53
46,69,34,37,70,35,49,61,44,68,9,44,49,34,44,47,50,69,60,63,56
42,53,19,33,47,24,47,30,9,21,24,49,38,42,52,32,15,31,41,29,22
27,34,12,78,63,52,36,36,55,53,67,37,50,28,56,51,41,33,31,29,37
49,56,65,28,44,37,51,26,30,31,50,52,45,31,48,21,21,37,24,28,20
11,21,28,61,45,22,29,34,35,32,45,36,33,49,44,18,40,61,25,28,54
35,22,46,51,39,41,47,38,43,55,41,46,68,60,61,38,47,50,42,53,35
60,51,44,62,50,40,61,38,30,32,63,41,51,36,49,33,41,38,53,49,55
52,6,26,28,28,62,17,17,25,13,59,2,5,2,4,26,32,55,34,30,53
19,10,5,44,61,41,40,38,44,21,74,56,54,60,34,39,32,37,35,34,26
40,21,22,17,51,48,20,21,23,21,25,31,52,32,23,5,13,19,12,1,20
69,50,49,40,39,66,41,30,38,22,39,20,38,34,34,42,50,49,46,35,43
61,11,34,55,34,18,44,28,25,9,21,34,39,44,66,31,22,46,22,32,33
47,68,21,40,38,18,54,46,57,34,32,48,43,42,53,43,53,68,47,59,51
59,65,40,13,21,63,35,38,17,50,25,51,58,54,67,18,17,49,30,23,41
52,45,38,52,50,60,51,46,62,53,48,45,42,34,49,39,59,45,39,41,38
44,28,50,39,58,54,59,41,42,41,41,39,38,40,35,35,47,62,39,56,58
23,20,54,66,63,18,55,31,31,34,32,47,48,60,53,36,24,54,42,32,38
60,31,49,70,50,40,56,38,34,22,57,44,43,58,55,39,43,48,46,34,44
20,43,27,37,65,28,31,42,24,27,45,33,37,38,26,24,30,47,27,36,35
50,47,46,50,37,40,75,57,57,61,41,65,78,76,86,63,58,76,59,70,44
60,57,67,33,22,63,54,57,46,54,40,32,41,23,46,25,46,55,37,27,29
44,43,59,18,9,54,21,23,42,19,53,40,35,32,53,38,43,55,35,44,17
27,49,21,47,49,33,35,36,21,51,55,43,51,37,33,51,58,61,48,59,52
55,37,44,49,60,76,43,50,49,55,51,48,39,51,93,60,64,39,49,48,36
46,13,41,59,38,38,51,51,35,47,39,43,27,40,80,36,51,74,63,58,68
60,52,29,42,51,33,45,62,58,74,20,47,49,43,39,42,46,62,53,61,51
33,39,16,52,39,36,33,46,56,59,59,39,31,33,50,65,57,62,59,32,78
61,32,53,45,48,49,46,42,50,33,33,39,55,31,55,46,60,64,49,41,41
26,37,37,61,65,42,47,55,63,62,48,44,23,45,49,46,37,55,37,54,45
61,60,31,23,19,43,43,54,53,54,52,42,50,45,68,44,55,65,54,48,40
14,26,4,36,47,36,15,30,35,24,22,26,35,34,32,16,39,19,48,19,36
35,31,29,63,18,37,35,35,57,42,51,37,39,40,38,53,46,53,43,49,41
42,57,52,25,2,50,22,11,34,31,43,24,12,23,13,41,36,32,17,22,26
51,14,35,29,23,32,39,46,52,42,41,38,46,51,54,45,34,44,34,32,36
28,4,59,65,69,43,45,43,31,51,30,34,44,45,53,35,28,52,47,46,52
49,56,62,31,31,40,53,41,33,25,44,36,46,50,50,31,26,32,34,28,58
53,50,53,8,22,67,38,50,56,58,58,36,50,37,67,41,50,61,42,50,62
45,55,26,51,34,59,43,43,58,36,27,39,35,28,30,37,49,65,40,49,62
28,54,46,65,36,17,58,21,40,28,54,46,30,41,44,43,47,62,56,52,34
39,64,52,45,37,27,47,35,49,42,12,41,56,48,39,25,17,48,23,25,51
54,20,62,38,23,62,41,4,23,8,13,25,19,42,48,16,21,8,6,12,34
2,37,30,47,45,37,30,33,47,24,34,28,52,38,43,40,37,49,34,38,59
30,31,65,47,47,45,45,59,67,60,45,72,67,67,44,63,52,80,53,60,40
55,32,42,45,48,53,51,43,38,43,25,20,39,30,41,36,60,57,46,36,42
23,33,28,45,78,21,45,43,40,31,18,56,48,56,79,51,46,60,46,45,68
21,36,39,56,40,38,52,74,46,77,62,34,32,52,44,43,44,60,44,50,38
36,37,10,39,16,77,8,18,32,29,54,0,6,6,11,16,6,29,27,18,29
36,43,50,21,32,46,43,18,25,8,37,12,31,3,19,33,31,29,15,27,18
44,62,55,15,36,24,39,48,41,41,46,33,38,34,66,37,45,60,47,30,49
72,34,44,25,39,54,44,26,37,30,51,38,32,46,68,42,50,37,39,35,30
46,19,43,28,28,17,24,19,9,24,51,28,26,13,19,29,13,45,26,18,53
36,71,68,25,33,50,48,31,48,32,47,43,42,57,52,17,17,42,17,10,32
36,46,56,57,35,43,47,30,46,39,42,44,61,62,59,56,50,65,60,54,42
42,16,16,30,56,10,29,27,42,35,42,50,40,42,45,14,41,39,20,32,30
46,28,56,40,44,55,28,48,56,50,43,34,41,33,48,59,48,63,35,41,34
33,41,34,59,35,27,45,31,20,20,27,47,54,64,55,14,10,20,13,9,17
64,59,38,54,40,35,62,51,47,51,29,56,59,51,52,40,53,67,53,53,54
38,63,31,43,44,28,41,36,51,48,34,66,39,50,50,40,55,53,38,30,24
48,55,58,13,17,54,43,34,48,24,1,29,40,15,46,32,41,22,21,22,18
45,47,16,64,23,60,38,48,50,53,29,18,37,27,25,54,35,42,41,50,30
49,37,16,53,59,42,55,36,46,59,50,36,53,52,67,33,50,46,43,43,55
28,55,76,53,34,41,55,46,49,40,60,55,42,51,46,40,50,59,48,48,41
31,20,42,53,41,19,50,52,59,57,54,70,55,62,59,25,54,56,60,48,38
48,18,33,48,35,51,39,18,32,21,31,28,32,31,25,14,45,50,11,26,53
34,21,23,62,57,36,42,35,14,21,40,42,46,39,30,34,42,47,31,50,36
33,49,60,16,49,0,57,47,33,37,56,41,34,34,64,35,61,86,49,57,63
60,43,43,43,25,18,53,42,48,49,50,28,24,38,39,48,47,43,44,64,56
23,37,28,78,59,41,59,60,40,33,59,69,40,63,89,28,42,64,37,55,56
29,21,51,22,49,46,52,29,48,44,20,43,22,35,41,39,68,57,52,47,63
23,42,57,28,21,74,32,39,52,46,32,31,54,45,26,46,53,62,52,62,32
53,24,35,24,44,47,22,27,25,25,54,52,45,42,69,30,30,65,38,35,36
39,37,20,52,57,33,47,28,32,23,56,35,39,51,48,42,41,42,47,37,57
29,63,0,60,49,31,43,47,54,61,45,16,37,28,40,40,58,79,50,54,57
17,24,34,48,45,43,42,27,19,27,40,38,18,42,40,29,22,27,32,25,38
52,31,47,13,27,44,31,47,44,45,39,30,31,32,21,51,52,40,58,68,52
44,47,25,36,73,10,56,57,45,53,33,51,31,32,53,45,51,35,50,34,39
11,38,42,49,67,30,43,29,52,39,39,36,42,25,55,13,42,31,57,41,37
37,59,21,30,33,36,26,33,31,27,38,27,29,28,49,23,39,60,22,28,42
50,54,32,52,32,25,41,41,28,30,20,20,38,38,36,32,35,23,22,17,41
20,37,43,18,31,38,14,26,47,46,48,26,29,25,8,22,34,26,20,17,52
40,59,56,8,46,54,36,40,33,43,20,41,49,37,41,31,47,65,40,37,71
34,27,29,59,45,48,50,45,51,38,21,24,36,39,55,59,50,61,45,52,48
54,70,36,54,54,43,77,43,37,58,38,53,46,37,51,44,55,65,44,43,64
51,66,57,45,51,35,77,47,30,40,23,67,54,59,57,54,67,62,51,52,53
16,14,44,38,26,20,17,34,10,26,34,27,15,32,24,27,18,39,21,15,0
53,62,61,57,50,38,69,49,65,59,41,27,43,56,61,30,39,44,39,42,48
47,12,30,51,65,40,38,68,74,66,51,41,48,33,64,57,69,62,58,76,53
52,17,40,26,32,64,30,NA,31,35,55,57,49,61,69,40,44,59,37,39,49
48,55,57,49,49,42,70,54,39,38,43,59,46,49,67,32,50,49,48,49,46
26,44,67,32,35,51,46,42,47,46,36,49,52,47,60,37,48,43,51,41,59
70,40,48,46,48,34,70,60,66,78,54,64,64,61,80,35,61,62,69,53,82
90,33,72,48,32,36,56,71,68,56,56,32,48,39,60,53,37,63,38,50,65
30,20,46,46,48,0,39,22,14,28,58,37,20,50,34,21,23,50,37,33,58
28,39,67,55,48,22,41,38,53,46,51,34,33,32,40,39,39,65,58,47,42
26,33,15,46,65,21,40,36,25,43,34,31,13,30,41,39,34,48,38,35,30
40,21,50,43,39,50,52,30,25,43,12,31,44,36,52,34,39,30,28,22,49
19,30,38,73,47,22,39,36,34,47,25,60,59,50,62,28,60,35,49,43,51
34,58,31,29,39,56,46,47,34,34,52,48,45,50,67,27,20,35,32,28,58
41,41,40,31,27,49,42,21,15,29,31,49,53,33,37,39,44,53,39,42,41
50,8,27,52,73,64,29,57,42,53,31,17,49,31,43,46,37,35,42,54,49
46,39,41,72,79,5,78,60,64,60,46,59,69,74,60,72,40,48,45,49,52
36,31,50,19,32,30,33,20,37,17,48,25,26,16,24,36,32,44,16,28,34
43,63,54,17,39,46,27,50,52,59,47,47,51,43,60,61,59,83,75,64,65
35,44,28,47,21,29,44,37,53,35,43,49,41,28,27,9,14,28,10,8,28
57,37,52,24,36,46,56,48,42,51,42,18,24,29,29,22,28,67,37,41,37
27,43,32,55,35,48,30,26,43,19,54,40,42,46,53,21,18,48,19,24,10
47,43,57,35,67,57,46,50,33,36,58,36,48,34,75,33,49,64,48,48,36
34,20,35,55,49,61,24,61,47,69,40,61,50,43,54,37,30,47,37,36,50
60,67,36,15,55,29,42,43,43,32,16,55,47,43,44,42,38,57,36,51,60
52,64,51,38,68,70,56,47,50,39,46,55,52,52,41,68,59,63,66,67,49
11,24,23,58,11,24,26,29,20,43,61,23,19,39,34,28,24,14,31,27,34
53,74,73,20,9,76,59,36,32,35,34,50,59,39,76,30,40,61,42,47,45
34,19,48,52,51,42,49,55,46,34,42,45,36,36,49,40,54,51,39,35,41
48,56,15,57,51,9,61,46,44,53,48,51,55,49,45,59,59,44,63,62,73
31,43,57,56,21,33,46,28,14,20,36,15,20,15,18,26,36,61,47,38,54
22,23,58,26,32,20,18,48,28,29,48,34,38,38,31,26,33,67,31,35,29
51,39,65,27,14,46,20,37,27,30,50,45,54,52,61,51,43,59,39,46,70
30,32,7,61,45,28,56,45,31,31,42,41,45,55,66,48,60,55,55,52,56
55,38,54,44,42,55,48,64,45,44,62,45,57,61,65,43,40,46,45,62,63
27,51,61,64,46,49,48,30,37,35,49,42,51,50,55,47,40,49,56,37,50
51,69,44,38,22,50,66,73,46,57,47,48,47,53,64,31,61,64,43,42,50
37,47,36,38,30,51,36,40,39,28,58,55,46,48,66,28,34,38,16,20,51
69,47,67,27,43,71,64,48,48,53,57,74,84,62,63,57,56,54,43,50,34
6,35,26,56,34,7,25,6,20,25,59,60,42,38,50,27,34,43,22,34,39
67,33,66,36,41,49,51,46,46,37,12,38,62,56,37,44,53,59,47,56,50
29,31,34,35,55,17,40,38,37,41,38,54,69,62,63,40,37,56,50,43,33
31,25,25,40,49,43,42,20,44,30,45,39,54,47,55,27,19,40,15,27,14
45,54,49,38,46,55,53,45,35,44,50,52,62,57,51,56,58,55,42,42,56
53,67,31,46,16,67,39,26,24,17,38,41,44,53,64,21,27,35,23,24,39
39,30,80,55,47,46,65,45,45,38,33,34,46,51,39,46,44,45,33,33,34
42,52,34,57,45,82,50,48,25,29,48,43,39,48,64,30,41,50,28,35,45
27,55,20,52,76,40,65,51,55,74,37,58,57,67,74,42,43,73,63,59,72
41,55,27,28,36,58,32,41,30,42,53,45,43,38,63,36,62,57,47,54,56
28,22,47,13,49,32,22,46,35,41,13,38,41,31,31,44,58,65,60,49,54
35,21,22,59,37,52,32,34,25,8,52,48,51,47,51,12,32,52,21,13,43
63,56,46,54,30,54,56,44,46,42,47,72,72,69,70,42,48,51,36,56,57
81,64,41,25,20,46,47,38,31,35,54,56,61,37,47,29,21,12,23,30,35
55,45,42,67,50,18,58,53,52,35,47,50,51,54,36,43,58,61,53,56,53
53,57,20,26,59,21,48,68,60,62,50,32,23,41,50,57,60,62,55,64,66
48,41,48,33,7,58,36,41,45,32,11,38,36,35,62,38,51,52,38,38,57
92,74,68,43,22,45,64,53,61,51,40,67,69,66,50,28,47,59,47,51,51
45,41,58,47,42,27,46,44,56,35,55,45,50,44,50,25,43,60,34,36,46
37,44,32,55,51,51,66,43,48,40,41,56,36,49,62,37,42,55,31,34,58
70,37,35,32,51,57,45,34,39,51,32,38,39,60,57,34,41,44,42,48,46
36,35,24,47,76,19,61,55,30,37,51,51,48,49,49,33,30,42,43,46,68
50,43,23,29,40,57,45,46,38,32,29,68,59,46,84,35,36,40,32,34,32
57,61,51,47,19,68,30,44,47,28,39,56,44,40,51,41,49,39,51,44,62
12,51,18,77,45,39,57,38,49,48,74,52,38,47,56,36,48,44,51,55,48
73,42,40,45,30,55,66,52,43,59,31,81,70,48,70,43,42,57,35,33,57
10,46,14,57,75,18,57,50,64,52,65,29,24,37,13,57,72,62,70,54,68
33,47,38,59,35,41,43,28,18,28,32,40,43,45,25,30,31,44,38,41,49
50,61,36,48,32,29,51,55,41,43,42,21,26,34,40,51,52,62,39,53,51
38,25,32,2,63,45,34,43,55,46,46,25,37,38,69,27,35,26,31,43,21
51,49,76,18,15,83,48,66,56,53,43,45,48,51,58,56,62,79,68,62,75
39,27,48,46,8,45,41,58,69,55,41,69,61,59,59,63,57,72,59,53,56
30,20,71,40,48,15,52,25,19,48,47,57,43,45,57,49,40,48,32,51,62
53,12,36,50,44,0,46,23,31,15,47,30,39,46,41,21,26,24,0,13,43
35,45,42,58,59,14,56,61,41,45,33,48,51,48,60,48,51,58,40,38,53
0,39,43,56,63,0,53,62,43,52,38,39,44,27,50,31,41,67,44,59,49
30,21,42,55,46,37,46,25,36,42,55,33,26,33,26,14,39,45,32,28,33
45,29,53,55,48,59,57,53,56,44,15,47,57,28,44,29,34,67,31,35,45
69,67,37,31,30,57,38,45,38,43,24,28,37,29,60,55,47,78,39,52,44
42,42,31,28,43,62,36,47,50,30,31,49,45,48,57,29,60,52,40,43,53
34,44,40,40,19,44,25,51,48,34,23,13,5,19,20,17,22,12,17,18,24
54,9,52,75,43,45,59,37,40,56,51,49,69,78,88,60,46,55,64,62,27
35,56,47,39,68,35,50,27,39,41,47,71,61,54,79,27,37,32,35,26,57
40,33,31,27,26,57,15,37,31,46,34,52,38,49,71,5,39,47,43,22,35
44,42,39,24,52,33,25,19,4,18,22,36,27,44,44,24,19,27,20,13,27
16,23,32,58,47,39,40,46,34,44,40,47,59,30,47,24,23,43,37,29,29
42,58,18,65,41,15,41,42,45,38,53,16,39,35,23,27,29,46,29,31,47
29,23,31,57,32,38,49,45,41,55,50,39,29,38,46,31,45,31,47,38,39
35,47,17,74,59,39,69,52,41,45,48,63,68,73,100,62,64,76,46,60,53
25,43,62,47,36,50,50,27,45,33,41,45,73,60,65,36,42,58,44,55,45
19,54,27,34,38,31,32,43,19,36,43,27,23,19,49,5,42,33,36,19,49
60,38,34,36,36,61,49,35,55,50,50,49,33,42,45,40,32,36,36,33,50
35,28,44,55,48,51,41,38,51,53,59,27,26,12,36,39,58,64,64,46,33
40,43,26,26,25,17,29,49,45,39,45,12,16,27,17,46,36,68,40,48,35
28,44,27,58,33,20,58,26,28,36,63,50,54,49,61,34,42,74,53,43,27
33,45,59,14,0,43,40,43,27,27,52,40,48,53,36,48,38,56,38,41,34
68,37,52,24,44,51,46,43,39,52,37,47,70,59,59,37,61,60,55,48,45
22,36,16,42,44,41,38,44,38,30,33,21,55,35,56,35,52,46,52,46,50
57,26,49,38,35,43,42,29,46,33,40,23,31,23,38,NA,55,65,45,53,50
61,66,18,30,44,23,43,31,39,47,62,30,33,24,51,40,53,52,46,42,47
44,42,15,34,11,60,15,29,52,42,57,28,48,24,27,19,31,49,30,24,51
5,44,27,32,76,23,41,40,55,37,58,57,52,64,75,49,27,48,41,51,63
51,42,50,19,43,54,35,32,33,29,51,35,22,32,31,23,55,56,28,37,52
38,43,23,36,38,47,27,38,40,38,24,37,41,33,53,30,34,50,24,26,33
40,37,22,67,73,34,84,67,49,65,23,59,58,38,57,36,51,60,38,60,60
55,47,73,65,46,64,72,43,47,43,54,45,55,43,39,28,40,56,31,47,48
21,41,50,48,59,31,35,44,45,62,54,60,53,44,38,54,52,43,47,59,48
25,30,44,19,38,26,31,44,19,47,52,30,38,27,41,36,29,36,30,46,65
32,50,38,20,48,73,33,34,43,31,45,63,32,57,75,49,49,55,51,37,33
46,35,26,82,62,27,67,64,62,55,56,55,69,70,71,62,67,78,70,68,52
65,33,52,42,44,50,58,52,59,45,28,38,37,25,29,52,51,40,42,47,57
29,27,61,32,41,42,39,60,42,40,55,50,44,53,45,37,41,42,29,31,50
38,47,44,47,65,52,49,36,55,48,51,52,61,70,53,40,50,68,52,48,55
76,55,53,43,44,35,54,64,58,44,59,61,69,50,37,43,54,53,55,41,46
48,63,47,19,31,66,50,58,74,59,29,43,50,57,28,44,48,52,52,52,50
31,18,37,54,55,36,53,47,42,31,61,37,25,38,60,39,38,49,39,40,58
43,45,63,23,33,49,49,30,48,42,21,48,43,60,59,28,34,31,35,3,37
36,59,28,73,62,52,55,49,46,43,40,56,49,60,56,28,52,52,43,43,54
34,35,45,55,21,10,44,43,26,47,25,16,19,29,22,38,31,54,35,44,47
21,52,16,40,34,55,41,13,7,14,41,38,30,36,27,27,17,35,17,23,53
50,39,52,35,57,60,54,45,42,43,26,29,45,44,45,53,47,47,43,46,51
42,20,51,55,21,37,34,42,20,31,29,41,39,37,27,31,32,38,31,33,43
14,46,44,28,44,75,11,52,51,68,51,46,23,30,41,24,45,56,47,55,40
51,52,58,43,13,49,56,36,59,45,35,22,25,52,34,31,35,36,32,40,37
58,55,38,38,0,26,45,50,38,48,40,34,30,35,39,36,47,70,46,43,57
46,53,63,35,35,56,59,75,75,73,53,60,60,74,70,56,74,70,62,78,67
29,25,36,51,48,28,56,25,25,28,41,37,37,25,31,35,45,44,51,36,53
37,52,76,23,27,32,43,58,40,61,38,44,37,42,40,17,43,55,37,47,56
31,38,22,29,64,30,41,40,36,40,22,48,42,28,35,49,43,60,36,38,49
34,25,29,32,39,61,6,39,31,42,50,16,21,19,25,49,50,46,35,38,47
6,7,23,39,51,15,6,18,29,31,32,49,29,44,34,53,46,38,18,28,55
42,10,40,44,32,20,30,33,36,19,44,26,46,30,60,30,26,31,22,32,44
55,74,42,30,22,32,28,45,33,36,26,49,49,40,57,39,46,36,38,52,54
26,47,22,77,46,20,62,27,40,47,45,45,57,52,66,25,46,59,45,38,55
41,50,46,41,50,66,50,57,60,35,32,65,56,59,49,52,58,72,60,63,65
24,39,23,47,25,48,16,44,40,23,25,48,35,24,54,31,18,57,28,30,49
42,67,39,49,64,11,49,34,26,39,44,46,25,47,55,54,40,51,28,37,41
28,33,30,44,44,12,28,24,30,27,44,56,38,44,64,27,37,37,33,36,28
68,55,58,44,31,56,55,51,16,35,44,42,47,53,70,50,60,63,42,41,33
63,23,34,38,32,60,46,52,40,46,62,50,44,58,67,54,58,68,55,64,62
28,21,28,45,54,14,31,16,25,22,41,29,31,29,40,36,36,49,36,35,32
41,60,42,45,21,81,45,23,16,43,24,54,36,54,57,47,42,45,37,61,54
51,53,36,38,51,42,47,52,50,42,34,45,40,46,52,58,52,65,62,70,62
68,34,51,18,42,61,33,37,33,29,44,45,42,18,50,59,37,59,55,43,39
49,21,30,23,44,31,40,47,35,53,43,53,62,53,69,39,47,56,51,50,60
44,62,21,89,62,65,75,42,43,35,66,36,48,40,53,43,50,72,54,40,53
58,40,31,28,22,48,40,48,36,36,37,20,24,37,33,22,32,28,39,43,49
18,39,41,73,45,13,49,51,72,36,54,58,63,48,54,45,50,54,62,49,50
42,18,45,48,52,57,56,65,61,66,46,39,37,48,47,74,77,78,62,63,55
21,30,39,62,50,25,54,39,48,45,33,46,45,40,67,39,19,46,34,40,48
29,13,39,40,33,10,16,65,49,54,60,54,24,38,40,49,39,55,45,32,57
61,32,40,50,26,48,38,29,26,50,62,54,50,60,43,36,21,56,21,40,31
38,54,65,37,46,55,49,34,51,33,51,18,34,44,23,28,37,41,37,41,54
57,25,56,20,16,37,25,46,45,50,53,31,27,46,40,44,54,41,43,41,54
42,30,32,47,20,45,33,57,43,54,53,30,33,37,41,31,45,44,37,47,51
28,41,51,58,40,61,38,26,30,15,33,53,47,39,31,41,35,64,33,30,52
41,45,40,45,13,27,28,31,21,26,30,31,43,28,37,17,29,44,32,32,24
21,7,44,56,58,6,59,27,39,51,37,21,19,32,40,52,45,66,51,58,47
61,45,66,12,32,62,43,57,48,53,47,60,39,55,40,32,52,61,69,59,48
42,31,52,20,45,24,34,19,40,46,37,30,43,36,42,35,36,50,34,40,55
46,60,28,67,62,22,64,46,47,53,37,40,52,46,53,55,47,63,76,46,42
35,64,21,35,21,67,43,42,48,31,50,54,51,59,41,38,37,23,39,35,54
66,46,63,68,47,34,55,38,26,32,35,46,33,42,27,38,49,50,50,44,68
47,65,26,24,34,40,45,28,25,25,23,47,42,44,58,11,12,17,22,22,45
14,10,24,56,53,17,32,45,45,49,57,11,19,19,12,28,20,30,30,37,33
34,53,32,29,43,56,27,47,40,39,25,69,55,63,58,21,39,36,25,22,25
30,56,34,31,50,49,54,48,38,35,52,36,46,34,36,47,55,66,49,57,37
17,24,8,49,63,32,28,39,34,17,55,29,40,32,36,39,24,46,30,28,45
67,32,52,46,57,53,66,48,60,41,30,30,35,39,49,62,52,65,64,66,50
23,26,33,63,45,39,33,40,42,52,48,41,29,44,55,27,37,64,34,57,61
14,37,27,61,46,34,38,44,40,31,48,59,47,33,54,39,33,53,40,48,52
47,47,40,69,36,28,42,48,35,44,31,45,31,36,55,51,37,62,37,41,53
66,48,46,33,25,35,32,48,22,29,63,25,27,39,38,25,44,58,41,39,60
65,28,25,44,46,71,37,31,31,25,42,31,70,52,54,25,37,38,21,25,31
61,55,56,24,40,48,37,19,39,27,37,31,57,40,70,48,56,58,39,48,29
25,37,47,51,50,38,42,39,35,48,57,56,43,45,44,46,52,65,60,50,74
58,52,37,21,49,59,40,60,60,52,60,62,63,58,67,58,60,61,62,70,67
41,15,25,42,61,36,45,29,18,14,23,31,29,44,70,31,20,43,32,20,37
65,47,59,60,22,34,68,50,67,63,38,57,61,70,67,59,60,71,65,56,45
33,6,43,66,40,34,25,50,40,45,33,27,51,30,23,28,42,41,41,39,55
34,20,8,56,62,45,40,19,23,23,43,25,34,31,36,39,47,38,39,43,37
56,62,29,11,18,63,28,23,48,40,68,25,30,26,41,48,53,57,30,45,20
22,42,12,65,69,23,34,50,55,53,52,50,56,56,53,41,61,46,58,55,57
24,43,30,26,48,9,46,52,54,44,38,38,28,27,46,40,34,43,42,45,36
37,54,57,35,63,80,54,58,50,62,38,55,56,58,55,36,52,64,59,53,77
10,23,44,54,32,11,34,39,29,40,25,37,28,44,43,57,52,50,49,44,45
60,66,57,35,59,40,78,62,44,46,25,62,63,70,88,41,56,66,43,68,48
10,24,19,99,21,51,36,48,43,45,41,21,9,16,43,42,39,58,51,41,39
62,70,49,25,26,62,46,34,42,48,40,40,36,29,42,60,45,46,43,30,75
38,52,32,32,26,44,48,56,49,46,26,54,65,71,56,54,51,50,51,42,38
61,35,25,18,31,48,19,12,38,36,45,23,14,12,45,17,28,34,27,33,68
25,28,28,52,66,41,44,52,49,50,49,39,32,39,54,51,32,54,49,42,40
51,51,31,29,30,31,31,27,58,35,10,40,39,26,41,36,34,44,44,31,48
54,71,33,70,26,62,59,46,29,44,37,39,52,53,48,19,41,44,28,44,51
54,17,41,90,57,51,73,47,53,41,44,67,72,55,67,53,56,80,54,67,57
46,38,58,31,25,42,35,49,39,38,59,45,46,49,35,11,31,48,35,27,49
48,32,24,58,62,9,71,40,55,33,22,41,45,44,73,14,35,40,10,23,28
27,58,50,20,48,45,36,43,34,44,30,24,29,19,46,38,42,46,25,31,29
36,54,63,48,43,18,44,33,60,35,55,52,39,41,75,45,58,75,52,45,28
45,50,60,65,52,63,56,30,46,63,41,28,34,50,17,43,54,69,60,71,51
43,59,35,43,55,44,46,55,59,48,23,61,64,50,41,46,59,64,52,66,68
41,17,30,16,45,57,16,30,46,33,54,35,33,35,50,44,44,56,28,36,24
16,40,36,35,68,38,43,43,56,45,40,40,40,29,52,34,40,53,30,34,27
47,47,37,38,38,49,53,37,29,42,27,60,39,59,42,24,37,31,44,23,40
40,41,37,45,58,46,53,27,16,20,24,42,58,53,51,33,39,47,52,11,42
60,46,42,39,34,56,38,44,57,35,41,32,38,46,68,31,36,51,50,39,50
37,50,33,56,36,61,63,40,49,56,40,34,50,46,48,53,53,69,62,52,37
51,22,56,43,41,58,49,44,63,33,31,43,55,50,55,50,58,62,66,45,36
51,32,32,32,34,37,20,34,31,27,60,56,54,57,58,53,43,39,38,44,58
37,5,40,67,53,22,47,45,60,30,40,45,49,55,70,55,35,66,54,43,59
42,53,65,14,22,33,29,30,29,30,39,43,35,41,54,31,36,55,35,28,49
34,29,28,23,40,47,39,35,39,48,33,30,29,30,75,26,33,46,46,36,47
23,43,20,39,43,38,49,51,59,48,73,29,17,24,50,23,35,60,45,34,50
22,15,18,35,55,27,40,18,23,6,35,30,26,22,47,48,38,44,38,27,33
64,49,55,39,45,60,47,41,35,43,9,62,59,54,63,36,35,51,51,43,45
32,57,37,47,35,34,44,53,51,38,29,22,19,35,21,68,59,69,39,37,16
14,36,61,0,32,50,25,25,61,38,29,34,18,16,32,24,43,39,29,37,35
30,38,69,49,35,29,45,32,51,38,18,37,58,39,37,33,28,31,30,19,32
52,55,58,69,24,75,62,48,46,53,35,24,47,46,30,46,70,49,52,57,50
56,66,56,17,17,48,40,28,52,33,32,43,37,31,49,32,44,37,39,51,53
4,40,17,67,37,40,42,39,29,32,63,33,38,39,26,15,32,51,30,44,67
60,50,80,24,21,42,51,43,59,36,45,28,28,41,27,39,42,68,43,59,54
39,41,30,51,61,36,39,33,31,45,52,32,72,41,57,45,49,49,41,54,26
37,51,53,29,25,68,21,46,40,34,21,40,31,43,34,36,33,46,46,34,50
8,32,31,34,61,22,35,51,43,45,31,37,39,57,33,50,46,60,48,59,45
52,43,51,33,34,44,36,46,53,39,46,26,32,23,52,42,52,43,57,48,56
43,36,39,25,41,58,30,12,16,0,61,29,37,44,43,29,35,18,18,25,34
74,37,62,50,30,54,60,63,37,26,41,57,61,42,35,29,50,51,42,44,44
16,34,32,58,53,10,45,42,57,56,61,57,33,42,47,55,46,45,49,32,48
62,76,50,39,5,49,59,31,43,43,18,49,33,45,47,29,34,53,30,27,36
58,52,50,38,46,56,61,33,32,55,40,40,25,45,42,33,52,36,32,52,53
31,29,33,54,67,20,43,41,50,43,60,33,40,31,55,32,35,15,26,30,30
33,26,37,71,35,49,47,44,20,40,33,48,43,45,36,27,15,42,18,48,20
45,18,15,50,49,17,32,43,45,50,67,32,26,37,27,37,31,42,49,43,51
37,9,27,39,41,37,21,40,35,42,50,47,56,36,43,40,44,86,66,45,54
52,23,28,48,52,22,48,57,72,65,53,42,16,32,20,42,56,85,59,49,24
59,63,58,34,42,39,71,62,50,55,40,33,53,45,45,29,48,53,56,50,37
32,19,6,20,52,42,32,41,44,32,22,46,58,53,60,35,28,27,36,19,29
57,32,43,35,50,13,47,42,47,47,25,34,49,36,41,45,35,36,34,36,37
59,38,28,49,38,18,52,54,43,63,25,55,59,43,73,35,44,51,40,41,48
31,27,21,55,54,62,36,47,20,37,48,31,43,30,31,32,27,37,45,35,24
29,47,25,53,36,26,28,50,45,37,52,8,4,14,17,22,25,42,13,27,27
33,68,48,38,57,39,60,73,81,82,45,40,39,44,53,42,75,69,66,56,61
30,31,15,25,55,46,25,22,39,26,26,27,10,30,8,14,27,15,9,25,41
30,46,55,9,39,68,28,32,47,43,30,52,55,56,63,34,28,67,30,52,42
21,44,48,53,48,16,45,64,51,33,54,39,50,60,74,66,45,60,55,44,46
85,22,58,18,52,48,51,35,26,45,61,32,24,10,33,24,41,25,36,33,43
35,84,38,50,10,56,49,11,27,4,44,30,17,22,48,0,4,15,24,16,9
34,38,36,42,47,9,58,53,51,57,23,45,63,52,37,24,53,54,43,41,39
67,18,54,45,12,45,34,29,40,49,34,5,8,6,25,45,25,42,32,40,41
58,78,56,41,13,57,64,38,38,40,39,45,47,30,36,39,42,56,30,45,20
41,60,26,51,49,45,52,47,46,52,53,61,62,52,80,54,61,62,62,59,55
50,76,42,19,39,58,47,30,33,45,33,43,47,65,65,38,43,42,31,43,51
22,37,40,68,45,32,51,35,54,39,37,27,37,26,54,35,32,43,47,32,50
66,59,50,54,52,46,75,64,47,51,41,34,41,33,59,51,50,70,52,44,40
34,14,42,66,61,32,54,29,31,26,36,62,60,47,45,34,21,11,16,15,15
20,48,68,28,46,49,37,54,43,43,62,29,38,38,53,49,36,46,32,40,53
35,25,38,49,59,20,43,35,38,15,26,56,36,31,53,48,42,74,39,41,51
30,53,48,31,34,41,44,34,50,51,45,47,55,45,57,17,42,39,39,35,43
31,56,27,55,80,42,57,59,50,73,54,39,47,50,55,43,57,57,52,43,43
30,21,40,50,47,27,22,42,39,36,27,21,29,41,45,28,50,47,35,30,61
37,41,44,9,45,69,30,33,14,47,51,25,5,20,27,16,47,26,16,35,51
23,50,28,41,40,47,48,42,60,44,41,24,25,27,10,34,45,26,43,52,32
6,62,56,39,22,58,31,31,51,33,31,23,34,34,35,49,24,55,35,29,57
40,17,22,46,73,48,59,50,54,46,12,29,50,39,38,37,49,44,42,51,54
40,68,46,29,39,75,35,40,31,30,37,34,49,39,30,32,40,56,30,41,58
35,17,27,35,31,54,18,30,38,35,32,36,19,26,35,14,36,61,46,41,34
30,62,61,78,43,25,68,51,44,44,58,40,29,35,51,46,52,55,38,49,38
55,73,46,29,50,50,59,46,50,48,51,39,49,43,52,52,68,59,53,61,26
31,32,36,42,53,25,34,9,51,47,41,32,42,32,53,40,46,58,43,54,39
52,66,31,38,24,33,38,44,37,16,25,55,59,50,61,27,34,45,25,34,43
81,63,51,50,24,53,65,68,40,63,46,50,62,62,63,55,40,61,63,69,37
32,51,24,43,44,43,34,26,22,37,39,49,54,51,59,19,26,37,28,30,20
43,38,67,38,22,50,39,37,43,40,62,25,32,39,35,37,25,48,38,20,32
32,48,80,28,34,59,50,41,43,53,72,40,46,50,54,49,47,46,59,48,43
29,37,31,51,33,35,19,45,37,33,59,18,28,42,65,24,39,46,32,24,38
47,64,59,40,5,34,52,46,52,55,43,68,79,55,77,34,60,56,53,45,59
45,43,67,59,19,16,61,65,50,57,44,30,41,34,55,56,52,78,62,76,62
45,55,30,49,44,39,48,52,51,51,60,46,31,40,29,37,46,84,66,65,37
13,18,23,67,52,33,43,39,44,53,54,18,23,39,41,48,38,41,47,34,55
6,28,15,35,71,34,30,21,27,23,47,31,42,28,35,27,25,57,21,30,25
69,58,87,2,54,56,57,41,50,45,49,36,40,33,51,33,58,37,34,44,45
42,20,18,57,58,50,39,48,50,53,58,42,31,43,33,43,44,58,44,40,31
65,40,48,40,26,56,44,47,55,46,54,18,29,33,20,34,58,65,48,48,49
49,45,55,27,24,52,53,42,16,31,43,19,28,38,65,49,55,65,30,35,49
55,61,37,11,37,67,54,47,51,43,35,33,53,41,70,38,46,53,48,43,36
53,36,56,36,44,45,56,50,38,58,45,35,49,37,44,60,45,47,55,44,42
44,43,29,42,35,29,47,47,40,41,38,28,30,40,41,25,34,38,22,29,42
59,28,16,48,40,64,50,40,52,45,30,62,47,47,65,33,30,33,37,34,62
50,52,42,22,29,60,48,13,30,29,68,46,51,49,48,24,24,26,17,14,19
33,49,27,63,48,59,33,21,17,18,26,46,37,43,33,45,63,43,51,35,64
26,37,62,38,32,53,32,41,20,35,47,43,42,30,35,26,23,43,31,15,43
51,29,40,36,27,71,35,38,34,34,26,36,28,20,13,26,28,60,37,28,35
57,29,45,12,48,33,21,38,32,33,51,31,26,46,22,45,48,50,46,32,29
48,35,12,48,53,24,44,33,35,38,51,18,33,39,58,21,45,28,41,34,31
27,54,60,28,37,71,27,39,42,54,31,66,61,81,84,26,37,47,49,62,37
36,14,26,17,83,40,33,23,37,20,10,33,30,31,53,45,24,64,33,29,52
46,52,47,46,55,21,57,50,42,38,41,65,51,60,49,39,51,38,49,53,41
36,47,18,46,37,46,33,15,35,18,33,45,44,35,27,13,31,31,25,26,50
32,40,69,35,51,61,49,29,45,40,25,53,58,42,53,48,44,41,37,51,35
36,33,27,40,56,21,33,40,33,45,47,42,40,32,34,39,33,45,42,47,42
73,28,71,27,25,44,45,49,27,40,47,27,39,35,31,32,28,48,26,33,35
36,50,32,54,31,26,52,23,8,26,35,48,60,58,47,19,35,24,32,21,32
5,28,27,52,45,50,26,22,29,17,40,35,42,25,57,30,29,42,20,19,31
63,32,73,37,32,57,56,55,32,35,60,32,21,27,20,18,49,67,41,37,38
42,20,36,61,31,53,51,48,45,57,49,34,38,32,35,49,53,76,40,58,67
54,51,26,51,48,39,44,71,47,42,26,53,49,32,51,59,55,68,48,60,38
18,28,4,22,69,3,36,47,40,56,42,27,48,48,52,53,32,58,41,38,39
20,55,26,69,35,24,50,32,47,40,43,66,58,63,82,40,35,38,38,37,32
35,34,38,46,32,34,42,52,39,41,45,49,46,40,27,22,65,53,69,38,56
34,39,57,47,41,47,30,16,39,34,43,21,39,21,22,44,32,37,29,30,48
16,54,22,13,63,42,32,21,21,22,16,24,28,24,27,22,40,60,35,29,41
58,36,74,33,32,43,40,43,61,36,42,51,45,50,40,36,49,32,41,39,35
43,57,22,40,80,36,63,42,53,55,69,44,40,39,54,35,46,48,65,36,59
58,67,42,46,7,55,56,62,37,34,39,47,60,62,56,68,38,49,55,31,52
39,61,47,46,67,47,61,38,49,51,45,53,54,60,62,33,55,58,59,54,56
62,48,61,23,48,42,61,62,65,67,65,58,52,58,68,39,44,62,54,61,53
60,46,49,47,18,56,60,59,64,56,62,39,38,29,45,66,53,81,74,60,69
66,69,45,36,25,60,53,53,49,52,49,51,44,55,62,44,53,42,46,37,49
46,49,73,24,39,43,43,59,48,56,43,40,21,30,29,57,56,52,62,50,47
34,49,63,31,14,46,48,31,27,42,22,47,46,57,61,27,20,24,16,14,48
50,39,41,51,36,36,41,40,36,26,24,45,35,40,43,33,53,48,36,40,56
34,42,24,23,48,42,48,30,45,21,25,47,51,49,61,40,53,55,29,39,46
38,46,25,24,0,60,17,24,12,33,39,39,42,41,41,19,31,36,29,14,38
60,48,57,24,42,42,42,53,37,32,30,84,69,85,80,17,33,34,35,34,23
26,35,16,39,55,30,38,43,41,38,7,32,32,27,27,44,34,56,53,51,41
42,57,56,42,1,35,17,8,28,35,18,43,50,60,75,23,23,39,49,43,53
47,44,25,64,69,-0,60,80,57,69,30,54,52,58,67,48,64,53,55,50,68
37,68,44,40,52,50,45,60,67,57,42,50,55,66,71,60,60,84,74,56,81
26,25,33,47,67,28,38,35,15,34,27,39,36,37,60,28,50,73,42,47,48
66,39,57,38,43,59,48,57,23,45,36,77,70,66,66,52,65,66,44,55,55
70,28,66,34,26,37,58,30,52,41,42,31,15,31,26,29,49,58,47,50,46
30,10,21,75,30,46,46,45,46,31,56,38,35,33,34,43,39,31,27,35,61
19,49,44,45,15,50,17,36,18,18,51,36,33,23,46,36,33,52,44,36,39
60,55,38,29,31,50,40,30,41,41,24,22,28,37,28,55,54,44,50,58,38
66,62,48,26,19,69,37,43,51,48,38,35,34,31,65,44,42,53,36,47,61
3,37,30,54,60,0,48,54,49,58,19,53,51,68,62,38,54,66,48,41,42
42,39,43,20,48,66,52,10,21,23,16,51,58,63,49,34,31,20,37,39,32
29,59,58,45,36,43,59,22,30,34,0,44,38,22,24,40,37,54,49,46,61
43,37,48,52,38,15,50,40,29,39,57,67,63,63,45,50,49,42,45,38,42
43,54,32,44,65,37,60,47,49,44,42,46,50,38,36,79,56,67,56,65,59
55,33,66,25,44,43,36,57,51,60,35,38,46,28,38,33,34,47,37,32,37
45,35,20,44,63,36,56,52,43,65,25,50,26,37,47,6,36,38,42,29,36
52,45,39,54,7,38,45,43,56,47,43,44,39,51,50,50,42,53,43,51,37
73,54,72,33,29,65,62,41,66,48,32,58,46,39,67,41,42,49,56,61,50
56,31,30,71,53,38,62,61,57,56,33,55,58,36,60,52,38,59,61,53,57
30,35,42,39,49,38,40,42,59,61,35,27,37,43,39,60,53,76,36,58,47
29,27,37,36,38,31,32,26,27,23,51,4,22,18,37,18,6,18,15,7,13
17,43,38,22,42,30,29,19,18,24,27,20,36,33,28,30,29,33,32,36,46
29,70,50,39,25,43,41,42,50,22,37,41,41,53,63,29,35,32,26,21,40
13,44,19,70,63,41,47,35,33,38,51,41,41,34,40,30,20,36,13,26,57
62,43,15,45,51,35,47,40,62,48,64,57,59,43,77,31,41,25,42,37,31
54,60,47,29,27,49,54,18,33,54,25,51,76,53,68,18,34,61,48,44,41
46,57,16,28,46,66,26,16,17,36,25,51,33,35,52,33,42,64,54,34,47
34,54,37,16,35,43,28,51,44,53,38,26,37,25,32,46,43,25,46,43,43
31,42,25,76,63,13,56,34,31,28,28,36,32,24,52,21,37,30,19,22,47
27,23,13,58,55,19,37,16,13,32,11,28,44,22,23,4,15,8,18,23,32
57,50,50,39,42,48,44,45,55,39,48,38,17,47,53,45,24,46,37,37,54
0,16,43,71,49,43,31,21,39,42,35,24,36,16,40,24,34,55,25,43,46
18,55,62,18,15,48,16,14,29,28,56,35,34,37,41,4,17,17,4,9,37
40,49,46,29,33,70,33,45,74,70,37,36,43,45,39,46,57,47,60,58,44
33,33,60,45,14,83,27,59,65,59,24,43,54,42,38,52,63,70,51,66,66
